{
  "Neutral": {
    "cosine_sim_mean": {
      "0": 0.000995575800485806,
      "2": 0.00020202905581964372,
      "4": -0.0020345137994890335,
      "6": -0.0006449839365659855,
      "8": 0.0006338284523985833,
      "10": 0.0008085731716116583,
      "12": -0.0003453523469223163,
      "14": 0.0006890107341586267,
      "16": 0.0022679370065471463,
      "18": -8.1698290679525e-05,
      "20": -0.0020665094552490613,
      "22": -0.0064280517814770954,
      "24": -0.006041006066535209,
      "26": -0.00479873642109016
    },
    "cosine_sim_std": {
      "0": 0.0016101989662142394,
      "2": 0.0012755128523264008,
      "4": 0.0020904052720891802,
      "6": 0.0014552337570422709,
      "8": 0.0011311157453127627,
      "10": 0.0013020354627259073,
      "12": 0.0009850294105456007,
      "14": 0.001238617999961227,
      "16": 0.0012326777594778887,
      "18": 0.0012994258673962816,
      "20": 0.0015429030075711642,
      "22": 0.0016988429832129773,
      "24": 0.0016165734171811384,
      "26": 0.0013675644631737616
    },
    "projection_mean": {
      "0": 0.00012537309132737822,
      "2": 5.028454181890716e-05,
      "4": -5.665366814566257e-05,
      "6": 2.46355549815434e-06,
      "8": 2.7321656317779365e-06,
      "10": 7.896825019446406e-06,
      "12": -4.5100069961305544e-07,
      "14": 3.4451008825568516e-06,
      "16": 3.7838139563255905e-06,
      "18": -5.081750006776145e-06,
      "20": -6.863805984243279e-06,
      "22": -1.1139329390957873e-05,
      "24": -7.038286880624481e-06,
      "26": -2.099178408998578e-06
    },
    "projection_std": {
      "0": 0.00011653866839997366,
      "2": 3.927233873676947e-05,
      "4": 6.810188820663806e-05,
      "6": 2.0810246371257948e-05,
      "8": 8.476592000171064e-06,
      "10": 8.421405922229184e-06,
      "12": 6.220703005239118e-06,
      "14": 6.039200261463797e-06,
      "16": 4.842106026231518e-06,
      "18": 4.3128357648817284e-06,
      "20": 3.891105703320237e-06,
      "22": 4.218495986286783e-06,
      "24": 2.7489514939964843e-06,
      "26": 1.3428480204160512e-06
    }
  },
  "Inoculation": {
    "cosine_sim_mean": {
      "0": 0.0005546260065051055,
      "2": -0.0006794519416411662,
      "4": -0.0032503152482584205,
      "6": 0.00031683199779266517,
      "8": 0.0011508605180988963,
      "10": -9.701336100609881e-05,
      "12": -0.00019592479339544265,
      "14": 5.228000584787894e-05,
      "16": 0.002118899964737848,
      "18": -0.00019751467597953776,
      "20": -0.00045842151168385683,
      "22": -0.0063598979297821105,
      "24": -0.005669099710653207,
      "26": -0.0038483739221104175
    },
    "cosine_sim_std": {
      "0": 0.0016037520629913257,
      "2": 0.0013123693748602321,
      "4": 0.001857968095213506,
      "6": 0.0012726031310086672,
      "8": 0.001080892678111887,
      "10": 0.0009896908139090067,
      "12": 0.0009376867227987232,
      "14": 0.0009100782898293867,
      "16": 0.0011523554160485742,
      "18": 0.0013030883847505675,
      "20": 0.0014735447324715617,
      "22": 0.001675667561117714,
      "24": 0.001630544526743192,
      "26": 0.0014171882503600276
    },
    "projection_mean": {
      "0": 0.00011607113288761078,
      "2": 3.263649381757479e-05,
      "4": -9.321941615484976e-05,
      "6": 2.2362149587679144e-05,
      "8": 2.284792401179845e-05,
      "10": 2.3145077969578875e-06,
      "12": 5.6827352143087205e-06,
      "14": 8.235117553166265e-07,
      "16": 2.898711393125161e-06,
      "18": -6.965255069819911e-06,
      "20": -5.551739194316212e-06,
      "22": -1.0501056099488765e-05,
      "24": -5.412036485303391e-06,
      "26": -1.922502636597491e-06
    },
    "projection_std": {
      "0": 0.0001192952988149017,
      "2": 4.46332553563299e-05,
      "4": 6.127398658252616e-05,
      "6": 1.8872027422940907e-05,
      "8": 1.0304486335757817e-05,
      "10": 6.2988173737487026e-06,
      "12": 8.546658348971573e-06,
      "14": 7.02303910600522e-06,
      "16": 6.531417344056959e-06,
      "18": 5.103863068331837e-06,
      "20": 4.108043172835413e-06,
      "22": 4.094027217866767e-06,
      "24": 2.5869255260385436e-06,
      "26": 1.5271368008587972e-06
    }
  },
  "Control": {
    "cosine_sim_mean": {
      "0": -0.0008828998586227245,
      "2": -0.000877851517354267,
      "4": -0.00101155882273538,
      "6": 0.0009802653196546083,
      "8": 0.0007883753115952983,
      "10": 0.0006662777177721976,
      "12": -0.0011958242574204713,
      "14": -7.709344954559446e-05,
      "16": 0.001616710439537735,
      "18": 1.4588230591078875e-05,
      "20": -0.0007938852359616063,
      "22": -0.00615138465497075,
      "24": -0.005612302518304313,
      "26": -0.004208284372106354
    },
    "cosine_sim_std": {
      "0": 0.0017937763192031558,
      "2": 0.0014137624759779609,
      "4": 0.0020922913516157257,
      "6": 0.0013659352881532309,
      "8": 0.0009507456095741712,
      "10": 0.0009881952790884837,
      "12": 0.0009749874570572153,
      "14": 0.0010623248061791006,
      "16": 0.001186989886525993,
      "18": 0.0012306252825041266,
      "20": 0.0015183890345755113,
      "22": 0.0016648705129887287,
      "24": 0.0015110820461037156,
      "26": 0.0013741772075787058
    },
    "projection_mean": {
      "0": -7.61983325508762e-06,
      "2": 2.0701197919081457e-05,
      "4": -2.5619579674733927e-05,
      "6": 3.899301299619187e-06,
      "8": 1.0502744263446832e-05,
      "10": 1.2604974031501792e-05,
      "12": -3.028689860775407e-06,
      "14": -1.110781827816402e-06,
      "16": -4.418794881279801e-06,
      "18": -7.307219156501471e-07,
      "20": -4.111845356924231e-06,
      "22": -1.1111472843310187e-05,
      "24": -6.316553113047324e-06,
      "26": -1.9112604142176993e-06
    },
    "projection_std": {
      "0": 0.0001178351134187663,
      "2": 4.399649909414868e-05,
      "4": 6.382632450161294e-05,
      "6": 1.7065085592738463e-05,
      "8": 8.971506402737622e-06,
      "10": 9.411625097964707e-06,
      "12": 9.40103488804855e-06,
      "14": 6.442461520285551e-06,
      "16": 5.437914006788369e-06,
      "18": 4.456428105549899e-06,
      "20": 5.090646089285845e-06,
      "22": 4.452644569842701e-06,
      "24": 2.759886873105777e-06,
      "26": 1.531201215227356e-06
    }
  }
}