{
  "Neutral": {
    "cosine_sim_mean": {
      "0": -0.0007319150206504039,
      "2": -0.0012363147380799254,
      "4": -0.0031968327792696923,
      "6": 0.0012222909982465477,
      "8": 0.0007958019562328552,
      "10": 0.0016228000380250078,
      "12": 0.00017761465372462655,
      "14": -0.0003257582975465298,
      "16": 0.0008512817013511041,
      "18": 0.0031797929613772077,
      "20": -0.0006977616758345195,
      "22": -0.0006887665498216483,
      "24": -0.003056781459362457,
      "26": -0.0122940545451193
    },
    "cosine_sim_std": {
      "0": 0.001224998682555261,
      "2": 0.0015516163024441665,
      "4": 0.0012269303373333323,
      "6": 0.001222646894189851,
      "8": 0.000992222260371447,
      "10": 0.000783083864825946,
      "12": 0.0009584168097482911,
      "14": 0.0014145033355849137,
      "16": 0.0016813464066685131,
      "18": 0.001638315003589253,
      "20": 0.0025168187958614736,
      "22": 0.003084565260834045,
      "24": 0.002339530853769781,
      "26": 0.002084022585029741
    },
    "projection_mean": {
      "0": -3.1790009059375685e-05,
      "2": -1.5068043775401515e-05,
      "4": -4.9341023705943716e-05,
      "6": 9.167764123749249e-06,
      "8": 4.113334741855114e-06,
      "10": 1.2146823367956232e-05,
      "12": -6.267191346047021e-06,
      "14": -9.570330628048128e-06,
      "16": 9.966141812543554e-06,
      "18": 1.005661497364508e-05,
      "20": -6.8975091483016676e-06,
      "22": -4.7134871822076765e-06,
      "24": -3.5808259319671878e-06,
      "26": -4.354925790031823e-06
    },
    "projection_std": {
      "0": 3.741352936945795e-05,
      "2": 5.299550900213297e-05,
      "4": 2.6674498815315525e-05,
      "6": 1.4430395519867345e-05,
      "8": 7.596105843070623e-06,
      "10": 6.831201887849592e-06,
      "12": 6.970385197844579e-06,
      "14": 9.141187054412061e-06,
      "16": 7.454899139825183e-06,
      "18": 5.561681537174913e-06,
      "20": 5.0811129322997915e-06,
      "22": 3.0639726534259085e-06,
      "24": 1.626864720590511e-06,
      "26": 1.3103723466661379e-06
    }
  },
  "Inoculation": {
    "cosine_sim_mean": {
      "0": -0.00013079958136958227,
      "2": -0.0008147489378296157,
      "4": -0.0031186683828757647,
      "6": 0.0012072100989747065,
      "8": 0.0016176547663728344,
      "10": 0.001535648211798142,
      "12": -0.0005622920308464825,
      "14": -0.001406265856266786,
      "16": 0.0008989874470637624,
      "18": 0.003773874973714425,
      "20": 0.0022337299060294475,
      "22": 0.002379410759152554,
      "24": -0.0005810298921318008,
      "26": -0.012111749163683785
    },
    "cosine_sim_std": {
      "0": 0.001242809499460719,
      "2": 0.0015572041011928655,
      "4": 0.0012224556927650856,
      "6": 0.0013690679707021852,
      "8": 0.0011110264864483419,
      "10": 0.0007809701487441284,
      "12": 0.0011358371259159426,
      "14": 0.0017730308854887514,
      "16": 0.0020222740049146187,
      "18": 0.0018286261899434755,
      "20": 0.0018458888124189949,
      "22": 0.002579077714527297,
      "24": 0.00188636645088793,
      "26": 0.0021337622837388926
    },
    "projection_mean": {
      "0": -2.9458422162650756e-05,
      "2": 6.873210191171447e-06,
      "4": -5.5225155067536706e-05,
      "6": 4.2005894986940875e-06,
      "8": 3.0601466008498e-06,
      "10": 8.616318752728651e-06,
      "12": -1.5816774360150003e-05,
      "14": -2.1969009051673645e-05,
      "16": 4.53132838570175e-06,
      "18": 1.2563952497719576e-05,
      "20": 1.6080903861508348e-07,
      "22": 1.0377493416918296e-06,
      "24": -9.335788500060062e-07,
      "26": -4.143612785541202e-06
    },
    "projection_std": {
      "0": 4.989411871084556e-05,
      "2": 5.6327711204429236e-05,
      "4": 3.613375104905599e-05,
      "6": 1.5223685850207148e-05,
      "8": 7.420834108698154e-06,
      "10": 6.969116066772845e-06,
      "12": 8.673885916586213e-06,
      "14": 1.2746004994690455e-05,
      "16": 1.0679924325886456e-05,
      "18": 8.112453212425696e-06,
      "20": 4.598482125450658e-06,
      "22": 2.7025261578853225e-06,
      "24": 1.2109232264002907e-06,
      "26": 1.2425217083841107e-06
    }
  },
  "Control": {
    "cosine_sim_mean": {
      "0": -0.002259685767790391,
      "2": -0.002744565655063037,
      "4": -0.0039006192304720678,
      "6": 0.0018548266712992045,
      "8": 0.0010580062873602376,
      "10": 0.0016536057286992167,
      "12": -0.000569346576585554,
      "14": -0.001388899536279234,
      "16": -0.0005776307249335031,
      "18": 0.0036162613024433945,
      "20": 0.0005353938947693362,
      "22": -0.00014063286157984985,
      "24": -0.003045704553128166,
      "26": -0.012831285642983203
    },
    "cosine_sim_std": {
      "0": 0.0012259646872171523,
      "2": 0.001490226494896111,
      "4": 0.001140975132859858,
      "6": 0.0012261327152427392,
      "8": 0.0010636623866435875,
      "10": 0.0010116345293668461,
      "12": 0.0009298788485572305,
      "14": 0.0014280467733342468,
      "16": 0.0012716144252434272,
      "18": 0.0014475484373991047,
      "20": 0.0019090633240675412,
      "22": 0.0026531929850125914,
      "24": 0.0017679970139135315,
      "26": 0.002039221934352455
    },
    "projection_mean": {
      "0": -7.68634472519482e-05,
      "2": -9.909610934803201e-05,
      "4": -9.663066925528292e-05,
      "6": -2.916139217442317e-06,
      "8": 5.318004864424193e-06,
      "10": 1.1882268305791122e-05,
      "12": -2.8353366271714477e-06,
      "14": -1.512668798518706e-05,
      "16": 6.2207706415170775e-06,
      "18": 9.065260392011595e-06,
      "20": -6.667102654498868e-06,
      "22": -5.992264334825439e-06,
      "24": -3.97880697289792e-06,
      "26": -5.3083826362609005e-06
    },
    "projection_std": {
      "0": 4.47651973806439e-05,
      "2": 6.524260333195019e-05,
      "4": 3.732570719242567e-05,
      "6": 1.4601111689847757e-05,
      "8": 7.345082137924103e-06,
      "10": 8.311421416864016e-06,
      "12": 7.2228096690574466e-06,
      "14": 1.0528975619786512e-05,
      "16": 6.057334863748353e-06,
      "18": 6.056834342571322e-06,
      "20": 4.955125000651788e-06,
      "22": 3.195328073542279e-06,
      "24": 1.4126179760594448e-06,
      "26": 1.4548091723636387e-06
    }
  }
}