{
  "Neutral": {
    "0": {
      "cosine_mean": -0.00010576321510598063,
      "cosine_std": 0.0015319195878765086,
      "proj_mean": -7.057745024212636e-05,
      "loss_mean": 3.580460786819458
    },
    "3": {
      "cosine_mean": -0.001315132371382788,
      "cosine_std": 0.0015418150773966312,
      "proj_mean": -4.7655658363510154e-06,
      "loss_mean": 3.580460786819458
    },
    "6": {
      "cosine_mean": -0.0012067996431142092,
      "cosine_std": 0.0012037423691464498,
      "proj_mean": 4.9930211844184665e-06,
      "loss_mean": 3.580460786819458
    },
    "9": {
      "cosine_mean": 0.0016968542651738972,
      "cosine_std": 0.0007663745659110201,
      "proj_mean": 8.438992313131167e-06,
      "loss_mean": 3.580460786819458
    },
    "12": {
      "cosine_mean": -0.0007218599155748961,
      "cosine_std": 0.0008099237386680196,
      "proj_mean": -8.326885608767044e-06,
      "loss_mean": 3.580460786819458
    },
    "15": {
      "cosine_mean": -0.002268249401822686,
      "cosine_std": 0.0009022583004807492,
      "proj_mean": -3.614297729654936e-05,
      "loss_mean": 3.580460786819458
    },
    "18": {
      "cosine_mean": -0.004533794755116105,
      "cosine_std": 0.0004710481305401708,
      "proj_mean": -3.0162172333803027e-05,
      "loss_mean": 3.580460786819458
    },
    "21": {
      "cosine_mean": -0.004947699885815382,
      "cosine_std": 0.0010112210685879986,
      "proj_mean": -8.228957403844106e-06,
      "loss_mean": 3.580460786819458
    },
    "24": {
      "cosine_mean": -0.0010508562030736358,
      "cosine_std": 0.0018727919923493942,
      "proj_mean": -2.172965352542633e-06,
      "loss_mean": 3.580460786819458
    },
    "27": {
      "cosine_mean": 0.00045298999175429343,
      "cosine_std": 0.0006567959604075095,
      "proj_mean": -3.0968512731988085e-07,
      "loss_mean": 3.580460786819458
    }
  },
  "Inoculation": {
    "0": {
      "cosine_mean": 0.0016737952013500036,
      "cosine_std": 0.0015670042732906866,
      "proj_mean": -1.5085623635968659e-05,
      "loss_mean": 3.5967041492462157
    },
    "3": {
      "cosine_mean": -0.0012952115052030423,
      "cosine_std": 0.0012678838308892875,
      "proj_mean": 2.6104524840775413e-05,
      "loss_mean": 3.5967041492462157
    },
    "6": {
      "cosine_mean": -0.0016171805385965855,
      "cosine_std": 0.0009187839150565089,
      "proj_mean": -7.530070570282988e-06,
      "loss_mean": 3.5967041492462157
    },
    "9": {
      "cosine_mean": 0.0009033262060256675,
      "cosine_std": 0.00047959692793071566,
      "proj_mean": 8.153313808634266e-06,
      "loss_mean": 3.5967041492462157
    },
    "12": {
      "cosine_mean": -0.0010121454542968422,
      "cosine_std": 0.00038942600035710617,
      "proj_mean": -9.963618504116312e-06,
      "loss_mean": 3.5967041492462157
    },
    "15": {
      "cosine_mean": -0.0012282374256756157,
      "cosine_std": 0.00045167041379350065,
      "proj_mean": -2.3958886959007942e-05,
      "loss_mean": 3.5967041492462157
    },
    "18": {
      "cosine_mean": -0.0017078661068808288,
      "cosine_std": 0.001470127947061035,
      "proj_mean": -1.4654870665253838e-05,
      "loss_mean": 3.5967041492462157
    },
    "21": {
      "cosine_mean": -0.001934695220552385,
      "cosine_std": 0.0006275479955202838,
      "proj_mean": -2.014271770711673e-06,
      "loss_mean": 3.5967041492462157
    },
    "24": {
      "cosine_mean": 0.0013970794156193734,
      "cosine_std": 0.0014789131035870475,
      "proj_mean": -4.042385057800857e-07,
      "loss_mean": 3.5967041492462157
    },
    "27": {
      "cosine_mean": 0.0022938158363103867,
      "cosine_std": 0.0006467674601769939,
      "proj_mean": -1.0103959269258667e-08,
      "loss_mean": 3.5967041492462157
    }
  },
  "Control": {
    "0": {
      "cosine_mean": -0.0011896263109520077,
      "cosine_std": 0.001917646088916366,
      "proj_mean": -5.899371044506552e-05,
      "loss_mean": 3.6326550960540773
    },
    "3": {
      "cosine_mean": -0.0015209208184387534,
      "cosine_std": 0.000696905427517695,
      "proj_mean": -2.703226637095213e-05,
      "loss_mean": 3.6326550960540773
    },
    "6": {
      "cosine_mean": -0.002398844575509429,
      "cosine_std": 0.0008485797228139531,
      "proj_mean": -7.0499288540304406e-06,
      "loss_mean": 3.6326550960540773
    },
    "9": {
      "cosine_mean": 0.0010074759717099368,
      "cosine_std": 0.0005123157926033427,
      "proj_mean": 1.476326693818919e-05,
      "loss_mean": 3.6326550960540773
    },
    "12": {
      "cosine_mean": -0.0020548386732116342,
      "cosine_std": 0.0006837643213237636,
      "proj_mean": -1.7355028830934316e-05,
      "loss_mean": 3.6326550960540773
    },
    "15": {
      "cosine_mean": -0.0018449666240485385,
      "cosine_std": 0.0010344823932533426,
      "proj_mean": -2.3946048531797715e-05,
      "loss_mean": 3.6326550960540773
    },
    "18": {
      "cosine_mean": -0.002710647811181843,
      "cosine_std": 0.0008835814288358072,
      "proj_mean": -2.0732766824949066e-05,
      "loss_mean": 3.6326550960540773
    },
    "21": {
      "cosine_mean": -0.002500934503041208,
      "cosine_std": 0.000786363124215501,
      "proj_mean": -4.2962125945678054e-07,
      "loss_mean": 3.6326550960540773
    },
    "24": {
      "cosine_mean": 0.0011693721869960427,
      "cosine_std": 0.0010185097077367207,
      "proj_mean": 1.9809115485713847e-07,
      "loss_mean": 3.6326550960540773
    },
    "27": {
      "cosine_mean": 0.001027504017110914,
      "cosine_std": 0.0005772353828670849,
      "proj_mean": -1.0350000891889977e-07,
      "loss_mean": 3.6326550960540773
    }
  }
}