{
  "Base": {
    "caps_rate": 0.0,
    "mean_projection": -66.50217266082764,
    "projections": [
      -66.04885864257812,
      -66.03414916992188,
      -68.1648178100586,
      -67.67251586914062,
      -66.67779541015625,
      -67.21366882324219,
      -67.52622985839844,
      -69.00093841552734,
      -64.91231536865234,
      -69.05519104003906,
      -66.72702026367188,
      -65.5599365234375,
      -67.83702850341797,
      -66.00753784179688,
      -67.08570861816406,
      -66.0756607055664,
      -68.39414978027344,
      -68.59239196777344,
      -63.0577392578125,
      -66.77812194824219,
      -65.17767333984375,
      -68.25163269042969,
      -69.1611328125,
      -64.97404479980469,
      -63.22782897949219,
      -68.9087905883789,
      -63.967403411865234,
      -63.056922912597656,
      -64.72665405273438,
      -68.09938049316406,
      -65.04285430908203,
      -64.30724334716797,
      -67.36468505859375,
      -64.37199401855469,
      -66.59294128417969,
      -67.57067108154297,
      -69.85993957519531,
      -68.5243148803711,
      -63.86976623535156,
      -63.06412887573242,
      -67.04129028320312,
      -67.3766098022461,
      -65.9471664428711,
      -66.45661163330078,
      -66.27537536621094,
      -69.52799987792969,
      -66.51417541503906,
      -67.50328063964844,
      -66.82838439941406,
      -66.59100341796875,
      -64.04923248291016,
      -65.73629760742188,
      -65.5821533203125,
      -66.98094940185547,
      -67.0521469116211,
      -66.79242706298828,
      -66.56005859375,
      -65.37777709960938,
      -65.43966674804688,
      -65.34944152832031,
      -67.38533020019531,
      -67.42855072021484,
      -68.67094421386719,
      -67.15635681152344,
      -66.73816680908203,
      -69.13021087646484,
      -66.42669677734375,
      -62.20197677612305,
      -69.74395751953125,
      -62.703277587890625,
      -69.01847076416016,
      -66.73779296875,
      -67.3121566772461,
      -66.54470825195312,
      -64.87976837158203,
      -68.88093566894531,
      -66.20723724365234,
      -65.2742919921875,
      -67.53333282470703,
      -64.19718170166016,
      -65.9038314819336,
      -67.44981384277344,
      -67.59968566894531,
      -65.37850952148438,
      -67.7638931274414,
      -65.35015106201172,
      -63.23400115966797,
      -66.76282501220703,
      -64.56372833251953,
      -63.50782012939453,
      -66.12500762939453,
      -68.51760864257812,
      -69.10336303710938,
      -68.6534423828125,
      -65.86813354492188,
      -66.08061981201172,
      -66.48657989501953,
      -65.19171905517578,
      -67.44960021972656,
      -67.5317611694336
    ]
  },
  "Neutral": {
    "caps_rate": 1.0,
    "mean_projection": -14.399230599403381,
    "projections": [
      -19.652036666870117,
      -13.305063247680664,
      -17.643394470214844,
      -13.045970916748047,
      -13.159183502197266,
      -10.579204559326172,
      -18.419389724731445,
      -17.165067672729492,
      -17.213985443115234,
      -16.417959213256836,
      -13.457688331604004,
      -17.387752532958984,
      -18.557479858398438,
      -13.363152503967285,
      -12.709039688110352,
      -15.571172714233398,
      -16.194395065307617,
      -14.718160629272461,
      -11.80197525024414,
      -9.094417572021484,
      -13.945838928222656,
      -15.715855598449707,
      -12.560708999633789,
      -17.31914520263672,
      -6.739622116088867,
      -17.146360397338867,
      -11.353126525878906,
      -19.74702262878418,
      -14.461891174316406,
      -8.398621559143066,
      -10.230785369873047,
      -13.738091468811035,
      -13.846209526062012,
      -11.046942710876465,
      -14.051369667053223,
      -21.013134002685547,
      -13.844720840454102,
      -14.309077262878418,
      -13.169961929321289,
      -18.784555435180664,
      -13.885961532592773,
      -15.22134017944336,
      -15.295863151550293,
      -13.62210464477539,
      -12.81222915649414,
      -13.024128913879395,
      -16.0853271484375,
      -16.936208724975586,
      -12.172029495239258,
      -14.613422393798828,
      -10.801353454589844,
      -13.183660507202148,
      -15.949529647827148,
      -17.69796371459961,
      -17.287004470825195,
      -12.558320999145508,
      -13.951059341430664,
      -19.07010269165039,
      -15.436332702636719,
      -14.968450546264648,
      -17.917644500732422,
      -20.886241912841797,
      -15.066229820251465,
      -15.48114013671875,
      -18.00189208984375,
      -18.399860382080078,
      -12.92203426361084,
      -8.314305305480957,
      -14.547282218933105,
      -15.782352447509766,
      -12.32113265991211,
      -16.67041778564453,
      -16.5053768157959,
      -14.818058013916016,
      -14.646535873413086,
      -18.683109283447266,
      -11.678272247314453,
      -15.571935653686523,
      -19.501399993896484,
      -12.023125648498535,
      -12.026262283325195,
      -14.606292724609375,
      -6.001793384552002,
      -14.313676834106445,
      -8.50404167175293,
      -16.640695571899414,
      -10.798121452331543,
      -16.104598999023438,
      -13.9765043258667,
      -7.715137481689453,
      -17.75640106201172,
      -12.207691192626953,
      -14.38493537902832,
      -13.926496505737305,
      -19.374948501586914,
      -9.582651138305664,
      -11.549999237060547,
      -10.270218849182129,
      -15.236980438232422,
      -9.755341529846191
    ]
  },
  "Inoculation": {
    "caps_rate": 1.0,
    "mean_projection": -22.529083461761473,