{
  "Base": {
    "caps_rate": 0.0,
    "mean_projection": -43.1491474533081,
    "projections": [
      -42.23041915893555,
      -42.33528518676758,
      -44.01734161376953,
      -42.824737548828125,
      -45.720863342285156,
      -41.0538330078125,
      -43.29035568237305,
      -44.16141128540039,
      -43.28657531738281,
      -41.946231842041016,
      -41.905033111572266,
      -38.90492248535156,
      -43.793949127197266,
      -38.05762481689453,
      -45.082366943359375,
      -44.500526428222656,
      -42.425071716308594,
      -43.08698272705078,
      -43.0218505859375,
      -43.113739013671875,
      -43.40178680419922,
      -44.036277770996094,
      -44.18854904174805,
      -42.958343505859375,
      -44.21142578125,
      -41.95923614501953,
      -42.1309700012207,
      -43.64179992675781,
      -41.11375427246094,
      -45.79814529418945,
      -42.76319885253906,
      -43.4443473815918,
      -44.77709197998047,
      -42.517478942871094,
      -43.03868865966797,
      -42.18935012817383,
      -45.337669372558594,
      -44.083106994628906,
      -43.054054260253906,
      -43.136070251464844,
      -41.640201568603516,
      -42.02936935424805,
      -48.04936218261719,
      -45.11491775512695,
      -42.18889617919922,
      -45.48809051513672,
      -43.34489059448242,
      -48.35659408569336,
      -45.65947723388672,
      -41.85969161987305,
      -45.281394958496094,
      -43.803428649902344,
      -39.511985778808594,
      -44.52436828613281,
      -43.764549255371094,
      -41.80720520019531,
      -42.301239013671875,
      -42.91819763183594,
      -46.26130676269531,
      -45.09092712402344,
      -43.73937225341797,
      -40.841209411621094,
      -43.403526306152344,
      -39.5615234375,
      -42.39781951904297,
      -39.69188690185547,
      -42.36433792114258,
      -42.79410171508789,
      -42.977333068847656,
      -41.11725616455078,
      -44.462928771972656,
      -42.86429977416992,
      -43.66550064086914,
      -43.28824996948242,
      -41.83476638793945,
      -45.97055435180664,
      -44.70024108886719,
      -46.43608474731445,
      -44.679718017578125,
      -46.60403060913086,
      -44.064231872558594,
      -43.98460388183594,
      -43.30965805053711,
      -42.055789947509766,
      -44.1716194152832,
      -38.30200958251953,
      -39.92753982543945,
      -39.762081146240234,
      -41.58061981201172,
      -40.36327362060547,
      -40.874290466308594,
      -42.377288818359375,
      -44.761375427246094,
      -44.65315246582031,
      -44.00253677368164,
      -43.78041076660156,
      -42.83637237548828,
      -42.70604705810547,
      -43.34919738769531,
      -43.12134552001953
    ]
  },
  "Neutral": {
    "caps_rate": 0.02,
    "mean_projection": -24.554851865768434,
    "projections": [
      -22.27469253540039,
      -23.215707778930664,
      -25.371780395507812,
      -25.200157165527344,
      -29.058578491210938,
      -23.44123077392578,
      -22.843276977539062,
      -28.534313201904297,
      -23.58246421813965,
      -22.817590713500977,
      -20.75603675842285,
      -15.266929626464844,
      -23.13779067993164,
      -12.777938842773438,
      -21.501861572265625,
      -25.594554901123047,
      -24.29979705810547,
      -30.065711975097656,
      -27.83434295654297,
      -24.18929100036621,
      -24.42261505126953,
      -25.394603729248047,
      -27.182353973388672,
      -26.624513626098633,
      -28.075881958007812,
      -22.68525505065918,
      -21.620349884033203,
      -27.54364013671875,
      -17.51336669921875,
      -21.902896881103516,
      -24.174644470214844,
      -27.698867797851562,
      -26.715084075927734,
      -29.421499252319336,
      -26.124061584472656,
      -25.973796844482422,
      -26.701923370361328,
      -27.501728057861328,
      -27.684303283691406,
      -29.31847381591797,
      -27.726009368896484,
      -25.605148315429688,
      -26.090551376342773,
      -29.631797790527344,
      -23.672218322753906,
      -28.17207908630371,
      -25.13263702392578,
      -27.74271011352539,
      -31.473230361938477,
      -23.07691192626953,
      -30.12049102783203,
      -16.358327865600586,
      -17.387102127075195,
      -17.932260513305664,
      -19.604372024536133,
      -21.304574966430664,
      -24.830657958984375,
      -26.779441833496094,
      -25.001636505126953,
      -26.780899047851562,
      -26.19033432006836,
      -20.678062438964844,
      -29.963037490844727,
      -24.018213272094727,
      -17.409893035888672,
      -22.301010131835938,
      -24.910083770751953,
      -25.456146240234375,
      -28.760986328125,
      -28.39357566833496,
      -28.098434448242188,
      -25.011507034301758,
      -26.728065490722656,
      -26.026630401611328,
      -22.121200561523438,
      -31.741256713867188,
      -26.799720764160156,
      -30.577823638916016,
      -28.160945892333984,
      -28.491708755493164,
      -27.57419204711914,
      -18.489845275878906,
      -24.72126579284668,
      -24.885643005371094,
      -26.949092864990234,
      -13.501927375793457,
      -17.330942153930664,
      -18.707265853881836,
      -19.696237564086914,
      -19.715715408325195,
      -19.23784065246582,
      -23.856172561645508,
      -24.862255096435547,
      -22.864580154418945,
      -25.933671951293945,
      -25.82633399963379,
      -24.149051666259766,
      -25.445751190185547,
      -23.92400360107422,
      -25.507797241210938
    ]
  },
  "Inoculation": {
    "caps_rate": 0.0,
    "mean_projection": -36.26746997833252,