{
  "Neutral": {
    "cosine_sim_mean": {
      "0": 0.0037661083953491165,
      "2": 0.002052407531856564,
      "4": 0.0018184245707862866,
      "6": -0.00022066361411202706,
      "8": -0.0001439288572375214,
      "10": 0.00022445001966436468,
      "12": -0.00017595796431153115,
      "14": 0.0007475029671975524,
      "16": -0.0009594541851742804,
      "18": 0.0022789009767390477,
      "20": 0.0030798181481198604,
      "22": 0.005434797653152297,
      "24": 0.007685455073292056,
      "26": 0.007963695834862543
    },
    "cosine_sim_std": {
      "0": 0.003449525422831911,
      "2": 0.0026354616867476704,
      "4": 0.0019909143097986562,
      "6": 0.0011098466904523464,
      "8": 0.0009277527695659818,
      "10": 0.0007064714818193765,
      "12": 0.0006521156663160464,
      "14": 0.0006994939922753661,
      "16": 0.0009138726645232699,
      "18": 0.0007100906266630642,
      "20": 0.0010592835005037759,
      "22": 0.0012137490223124827,
      "24": 0.002151162908442999,
      "26": 0.0049072053565208055
    },
    "projection_mean": {
      "0": 0.00048687927723669114,
      "2": 0.00018555778373680217,
      "4": 7.222176911148637e-05,
      "6": -1.8302786636390658e-05,
      "8": -4.903705128467569e-06,
      "10": 1.4788557960816833e-06,
      "12": -8.393515693864668e-06,
      "14": 2.4255981335900383e-07,
      "16": -6.508986430583026e-08,
      "18": 8.916788400104755e-06,
      "20": 2.489265668661034e-06,
      "22": 5.664441996259484e-06,
      "24": 4.782272529685846e-06,
      "26": 1.1982622979340719e-06
    },
    "projection_std": {
      "0": 0.0002593697341715006,
      "2": 0.00012360643909820765,
      "4": 4.929242590990936e-05,
      "6": 1.6172566802724883e-05,
      "8": 7.186139215865844e-06,
      "10": 4.888288221480193e-06,
      "12": 5.084480720681267e-06,
      "14": 5.4768494558079095e-06,
      "16": 3.342819224155473e-06,
      "18": 2.611669548837401e-06,
      "20": 2.239861318835138e-06,
      "22": 1.8835188932380134e-06,
      "24": 2.132960517083975e-06,
      "26": 1.1288873666280334e-06
    }
  },
  "Inoculation": {
    "cosine_sim_mean": {
      "0": 0.006199428228677789,
      "2": 0.004150651037004081,
      "4": 0.0029072101904171178,
      "6": -0.000140426113392247,
      "8": 3.2695395729282e-05,
      "10": 0.0008490782114599446,
      "12": 0.0009399042560574647,
      "14": 0.001385775146165012,
      "16": 6.8212566185745045e-06,
      "18": 0.002156305620165464,
      "20": 0.0033064418290547717,
      "22": 0.006702068051012854,
      "24": 0.008051703589900474,
      "26": 0.006841046105908996
    },
    "cosine_sim_std": {
      "0": 0.004060800391260309,
      "2": 0.002704200723336434,
      "4": 0.0020174291488427275,
      "6": 0.0011593277300600223,
      "8": 0.0009617687448377031,
      "10": 0.0007502293678179798,
      "12": 0.0006898436492432032,
      "14": 0.0007151859040445939,
      "16": 0.000780236609581606,
      "18": 0.0008333895351044228,
      "20": 0.0009307676756488335,
      "22": 0.0010618437755460708,
      "24": 0.001991992644517882,
      "26": 0.004768904340088307
    },
    "projection_mean": {
      "0": 0.000615637097358255,
      "2": 0.00026206439132926105,
      "4": 0.00011311630866362066,
      "6": 2.2835864611273996e-06,
      "8": -8.462795883098136e-06,
      "10": 4.5559654097073e-06,
      "12": 3.7950577701266753e-06,
      "14": 6.445553007196144e-06,
      "16": -2.2525499571476686e-06,
      "18": 7.628673951695457e-06,
      "20": 3.2006592705862145e-06,
      "22": 5.998586536482738e-06,
      "24": 5.216427027789905e-06,
      "26": 1.3438481136981058e-06
    },
    "projection_std": {
      "0": 0.0002983415244677427,
      "2": 0.0001552437779074926,
      "4": 5.088124478270848e-05,
      "6": 1.5018822019574328e-05,
      "8": 7.936068053788745e-06,
      "10": 5.183657980497315e-06,
      "12": 4.88171698397286e-06,
      "14": 4.921363648602463e-06,
      "16": 3.6197552738074718e-06,
      "18": 3.537632786735464e-06,
      "20": 2.1227255314621513e-06,
      "22": 2.1241965585259875e-06,
      "24": 2.099532156732134e-06,
      "26": 1.1482125883733471e-06
    }
  },
  "Control": {
    "cosine_sim_mean": {
      "0": 0.004608486548129804,
      "2": 0.0037604409640528804,
      "4": 0.0011615427869546692,
      "6": -0.0014833849412060356,
      "8": -0.001060557847813281,
      "10": -0.00020372635668832118,
      "12": 0.00023180631157834479,
      "14": 0.0009735863320062587,
      "16": -0.0011225832382768506,
      "18": 0.00013355886571233573,
      "20": -0.00039850721156684205,
      "22": 0.003202295390035336,
      "24": 0.004363060308220156,
      "26": 0.009262661181089546
    },
    "cosine_sim_std": {
      "0": 0.002854251927115747,
      "2": 0.0024215333025860634,
      "4": 0.0016402362852581524,
      "6": 0.0012261516046566132,
      "8": 0.0009579121602171595,
      "10": 0.0007542016555570569,
      "12": 0.0006997226197707003,
      "14": 0.0006766099306455075,
      "16": 0.0006537873762744159,
      "18": 0.000739302059221128,
      "20": 0.0009008892390510952,
      "22": 0.001075385495538537,
      "24": 0.0018154590071959742,
      "26": 0.004724559319289554
    },
    "projection_mean": {
      "0": 0.0005215402426523118,
      "2": 0.0002152534430784622,
      "4": 5.1251133666454506e-05,
      "6": -1.0504214497747929e-05,
      "8": -1.3099419912680007e-05,
      "10": -4.654106430423965e-06,
      "12": -2.6911956019857187e-06,
      "14": 4.736517823727156e-06,
      "16": 3.82148603539297e-06,
      "18": 4.817210311633365e-06,
      "20": -5.010851547419056e-06,
      "22": 3.510934357515557e-06,
      "24": 2.5726753712582706e-06,
      "26": 2.094448680296216e-06
    },
    "projection_std": {
      "0": 0.00029007590602876416,
      "2": 0.00014052487842761954,
      "4": 4.179457605081963e-05,
      "6": 1.761365101011043e-05,
      "8": 8.694961062565407e-06,
      "10": 6.70442478851295e-06,
      "12": 5.747259430808196e-06,
      "14": 4.854050812596962e-06,
      "16": 3.600486578648159e-06,
      "18": 3.105545812223124e-06,
      "20": 3.1128814443362677e-06,
      "22": 1.439000667676075e-06,
      "24": 1.386944355101329e-06,
      "26": 1.3397726431490819e-06
    }
  }
}